[{"id":"user-image-indian_man1.webp","publicUrl":"np://user.desktop.nicepage.com/Site_1873781/images/indian_man1.webp","size":24578,"hash":"gKVzdV4HDIuIS0MjMWWWtAlP2WQ=","fileName":"indian_man1.webp","name":"indian_man1","width":339,"height":508,"thumbnail":{"url":"np://user.desktop.nicepage.com/Site_1873781/images/indian_man1.webp","width":167,"height":250},"folderId":null,"usages":["229974536"]},{"id":"user-image-indian_woman.jpeg","publicUrl":"np://user.desktop.nicepage.com/Site_1873781/images/indian_woman.jpeg","size":32057,"hash":"aNhuqu5x59+cylgLB/1dsrYyuOs=","fileName":"indian_woman.jpeg","name":"indian_woman","width":612,"height":407,"thumbnail":{"url":"np://user.desktop.nicepage.com/Site_1873781/images/thumbnails/indian_woman.jpeg","width":250,"height":166},"folderId":null,"usages":["229974536"]},{"id":"user-image-bg1.webp","publicUrl":"np://user.desktop.nicepage.com/Site_1873781/images/bg1.webp","size":263058,"hash":"qrRl/rC3047iCOJUssHZZbLvvOQ=","fileName":"bg1.webp","name":"bg1","width":1920,"height":720,"thumbnail":{"url":"np://user.desktop.nicepage.com/Site_1873781/images/bg1.webp","width":250,"height":94},"folderId":null,"usages":["229974536"]},{"id":"user-image-IMG_3538.jpg","publicUrl":"np://user.desktop.nicepage.com/Site_1873781/images/IMG_3538.jpg","size":1220411,"hash":"4wyz4Q1dHFk+YMJu60JD2Rw2uBI=","fileName":"IMG_3538.jpg","name":"IMG_3538","width":4032,"height":3024,"thumbnail":{"url":"np://user.desktop.nicepage.com/Site_1873781/images/thumbnails/IMG_3538.jpg","width":250,"height":188},"folderId":null,"usages":["229974536"]},{"id":"user-image-IMG_3539.jpg","publicUrl":"np://user.desktop.nicepage.com/Site_1873781/images/IMG_3539.jpg","size":1364693,"hash":"Lcf8vl5ov1HJN/kwu9XD7dCeIlw=","fileName":"IMG_3539.jpg","name":"IMG_3539","width":4032,"height":3024,"thumbnail":{"url":"np://user.desktop.nicepage.com/Site_1873781/images/thumbnails/IMG_3539.jpg","width":250,"height":188},"folderId":null,"usages":["229974536"]},{"id":"user-image-IMG_3532.jpg","publicUrl":"np://user.desktop.nicepage.com/Site_1873781/images/IMG_3532.jpg","size":1206302,"hash":"6CFjcuKKlLF+keoumWrcAJc/f8I=","fileName":"IMG_3532.jpg","name":"IMG_3532","width":4032,"height":3024,"thumbnail":{"url":"np://user.desktop.nicepage.com/Site_1873781/images/thumbnails/IMG_3532.jpg","width":250,"height":188},"folderId":null,"usages":["229974536"]},{"id":"user-image-IMG_3541.jpg","publicUrl":"np://user.desktop.nicepage.com/Site_1873781/images/IMG_3541.jpg","size":708650,"hash":"vNGhFsy/oMc0JTixsG0T/NTduBQ=","fileName":"IMG_3541.jpg","name":"IMG_3541","width":2660,"height":3547,"thumbnail":{"url":"np://user.desktop.nicepage.com/Site_1873781/images/thumbnails/IMG_3541.jpg","width":187,"height":250},"folderId":null,"usages":["229974536"]},{"id":"user-image-4CAC7A70-19E3-4AEC-A5F6-734CE0C72F32.jpg","publicUrl":"np://user.desktop.nicepage.com/Site_1873781/images/4CAC7A70-19E3-4AEC-A5F6-734CE0C72F32.jpg","size":544557,"hash":"FPz33NnfQwHr+z5D/dyMoKYZ55Q=","fileName":"4CAC7A70-19E3-4AEC-A5F6-734CE0C72F32.jpg","name":"4CAC7A70-19E3-4AEC-A5F6-734CE0C72F32","width":1023,"height":1819,"thumbnail":{"url":"np://user.desktop.nicepage.com/Site_1873781/images/thumbnails/4CAC7A70-19E3-4AEC-A5F6-734CE0C72F32.jpg","width":141,"height":250},"folderId":null,"usages":["229974536"]},{"id":"user-image-IMG_4905.jpeg","publicUrl":"np://user.desktop.nicepage.com/Site_1873781/images/IMG_4905.jpeg","size":259031,"hash":"dSJK03OKvexluvMY5fNX2Y1o8NM=","fileName":"IMG_4905.jpeg","name":"IMG_4905","width":1043,"height":1578,"thumbnail":{"url":"np://user.desktop.nicepage.com/Site_1873781/images/thumbnails/IMG_4905.jpeg","width":165,"height":250},"folderId":null,"usages":["229974536"]},{"id":"user-image-money.png","publicUrl":"np://user.desktop.nicepage.com/Site_1873781/images/money.png","size":4908,"hash":"X6THvw2qrUcdU9i+DZ7NwkfZJBc=","fileName":"money.png","name":"money","width":200,"height":200,"thumbnail":{"url":"np://user.desktop.nicepage.com/Site_1873781/images/thumbnails/money.png","width":200,"height":200,"length":4908,"type":"png"},"folderId":null,"usages":["229974536"]},{"id":"user-image-ontime.png","publicUrl":"np://user.desktop.nicepage.com/Site_1873781/images/ontime.png","size":17323,"hash":"RwUlYIc3q8GGUozV5TOv4JZs4KM=","fileName":"ontime.png","name":"ontime","width":512,"height":512,"thumbnail":{"url":"np://user.desktop.nicepage.com/Site_1873781/images/thumbnails/ontime.png","width":250,"height":250},"folderId":null,"usages":["229974536"]},{"id":"user-image-work_1.jpeg","publicUrl":"np://user.desktop.nicepage.com/Site_1873781/images/work_1.jpeg","size":2151335,"hash":"aoCs/QzMoNo2txcmfjI9PeXfnOU=","fileName":"work_1.jpeg","name":"work_1","width":1284,"height":2237,"thumbnail":{"url":"np://user.desktop.nicepage.com/Site_1873781/images/thumbnails/work_1.jpeg","width":143,"height":250},"folderId":null,"usages":["229974536"]},{"id":"user-image-work_3.jpeg","publicUrl":"np://user.desktop.nicepage.com/Site_1873781/images/work_3.jpeg","size":385299,"hash":"EUPrbD5yJfdhtlZq2RsZJSR47bM=","fileName":"work_3.jpeg","name":"work_3","width":1209,"height":2093,"thumbnail":{"url":"np://user.desktop.nicepage.com/Site_1873781/images/thumbnails/work_3.jpeg","width":144,"height":250},"folderId":null,"usages":["229974536"]},{"id":"user-image-work_2.jpeg","publicUrl":"np://user.desktop.nicepage.com/Site_1873781/images/work_2.jpeg","size":1925301,"hash":"jRE3nFSFOzkvv3LPvUD0v5tohtg=","fileName":"work_2.jpeg","name":"work_2","width":1284,"height":2237,"thumbnail":{"url":"np://user.desktop.nicepage.com/Site_1873781/images/thumbnails/work_2.jpeg","width":143,"height":250},"folderId":null,"usages":["229974536"]},{"id":"user-image-11.jpg","publicUrl":"np://user.desktop.nicepage.com/Site_1873781/images/11.jpg","size":10152,"hash":"a3Y69KIfNU80S5N/JBAMXOR2tZM=","fileName":"11.jpg","name":"11","width":211,"height":211,"thumbnail":{"url":"np://user.desktop.nicepage.com/Site_1873781/images/thumbnails/11.jpg","height":211,"width":211,"length":10152,"type":"jpg"},"folderId":null,"originalUrl":"//images01.nicepage.com/c461c07a441a5d220e8feb1a/f86236aeb432544da74f5648/1.jpg","usages":["229974536"]},{"id":"user-image-51e9d44b4856b108f5d08460962934761237d6ed5a4c704c72297bd2914bcd5a_1280.jpg","publicUrl":"np://user.desktop.nicepage.com/Site_1873781/images/51e9d44b4856b108f5d08460962934761237d6ed5a4c704c72297bd2914bcd5a_1280.jpg","size":122682,"hash":"enTvoPTocdOTpaao2+yG0rtthPo=","fileName":"51e9d44b4856b108f5d08460962934761237d6ed5a4c704c72297bd2914bcd5a_1280.jpg","name":"51e9d44b4856b108f5d08460962934761237d6ed5a4c704c72297bd2914bcd5a_1280","width":1280,"height":853,"thumbnail":{"url":"np://user.desktop.nicepage.com/Site_1873781/images/thumbnails/51e9d44b4856b108f5d08460962934761237d6ed5a4c704c72297bd2914bcd5a_1280.jpg","width":250,"height":167},"folderId":null,"originalUrl":"//images03.nicepagecdn.com/c461c07a441a5d220e8feb1a/62b5fd1f937050ef8bd0a63d/51e9d44b4856b108f5d08460962934761237d6ed5a4c704c72297bd2914bcd5a_1280.jpg","usages":["1695828410"]},{"id":"user-image-afd377e224603dfabddc6e7d688b1eb8.jpeg","publicUrl":"np://user.desktop.nicepage.com/Site_1873781/images/afd377e224603dfabddc6e7d688b1eb8.jpeg","size":84530,"hash":"iA2VcU0fkx4FBG+INzDPAvzNqvY=","fileName":"afd377e224603dfabddc6e7d688b1eb8.jpeg","name":"afd377e224603dfabddc6e7d688b1eb8","width":900,"height":675,"thumbnail":{"url":"np://user.desktop.nicepage.com/Site_1873781/images/thumbnails/afd377e224603dfabddc6e7d688b1eb8.jpeg","width":250,"height":188},"folderId":null,"originalUrl":"//images01.nicepagecdn.com/af/d3/afd377e224603dfabddc6e7d688b1eb8.jpeg","usages":["1695828410"]},{"id":"user-image-painting-hanging-shelf-full-cacti-succulents_53876-110301.jpg","publicUrl":"np://user.desktop.nicepage.com/Site_1873781/images/painting-hanging-shelf-full-cacti-succulents_53876-110301.jpg","size":58291,"hash":"zLz0El8OkIqHsIR6yIokEP+yy0s=","fileName":"painting-hanging-shelf-full-cacti-succulents_53876-110301.jpg","name":"painting-hanging-shelf-full-cacti-succulents_53876-110301","width":418,"height":626,"thumbnail":{"url":"np://user.desktop.nicepage.com/Site_1873781/images/thumbnails/painting-hanging-shelf-full-cacti-succulents_53876-110301.jpg","width":167,"height":250},"folderId":null,"originalUrl":"//images01.nicepagecdn.com/c461c07a441a5d220e8feb1a/c9525865650d5c1cb533cd22/painting-hanging-shelf-full-cacti-succulents_53876-110301.jpg","usages":["1695828410"]},{"id":"user-image-64564.jpg","publicUrl":"np://user.desktop.nicepage.com/Site_1873781/images/64564.jpg","size":449432,"hash":"DXe9JFWir8QqpXUqjcSpa/BHaLU=","fileName":"64564.jpg","name":"64564","width":892,"height":1108,"thumbnail":{"url":"np://user.desktop.nicepage.com/Site_1873781/images/thumbnails/64564.jpg","width":201,"height":250},"folderId":null,"originalUrl":"https://assets.nicepagecdn.com/d2cc3eaa/16689/images/64564.jpg","usages":["1695828410"]},{"id":"user-image-medium-shot-woman-holding-vase6.jpg","publicUrl":"np://user.desktop.nicepage.com/Site_1873781/images/medium-shot-woman-holding-vase6.jpg","size":178274,"hash":"E63z2XFKoXiNMAjpwIMPk8lHVxo=","fileName":"medium-shot-woman-holding-vase6.jpg","name":"medium-shot-woman-holding-vase6","width":700,"height":980,"thumbnail":{"url":"np://user.desktop.nicepage.com/Site_1873781/images/thumbnails/medium-shot-woman-holding-vase6.jpg","width":179,"height":250},"folderId":null,"originalUrl":"https://assets.nicepagecdn.com/d2cc3eaa/16689/images/medium-shot-woman-holding-vase6.jpg","usages":["1695828410"]},{"id":"user-image-pexels-marina-podrez-12744083.jpg","publicUrl":"np://user.desktop.nicepage.com/Site_1873781/images/pexels-marina-podrez-12744083.jpg","size":30194,"hash":"GL0I865P5VtRGjBuWIQYhPJSQ6w=","fileName":"pexels-marina-podrez-12744083.jpg","name":"pexels-marina-podrez-12744083","width":720,"height":1080,"thumbnail":{"url":"np://user.desktop.nicepage.com/Site_1873781/images/thumbnails/pexels-marina-podrez-12744083.jpg","width":167,"height":250},"folderId":null,"originalUrl":"//images01.nicepagecdn.com/a1389d7bc73adea1e1c1fb7e/4eb6935ef1ab5bada0bf8807/pexels-marina-podrez-12744083.jpg","usages":["1695828410"]},{"id":"user-image-d30ef3549739acd770d4fe2643ec3ded.jpeg","publicUrl":"np://user.desktop.nicepage.com/Site_1873781/images/d30ef3549739acd770d4fe2643ec3ded.jpeg","size":66518,"hash":"1s3MxGH6SQOr3jl2K/HKoLclSoQ=","fileName":"d30ef3549739acd770d4fe2643ec3ded.jpeg","name":"d30ef3549739acd770d4fe2643ec3ded","width":900,"height":598,"thumbnail":{"url":"np://user.desktop.nicepage.com/Site_1873781/images/thumbnails/d30ef3549739acd770d4fe2643ec3ded.jpeg","width":250,"height":166},"folderId":null,"originalUrl":"//images01.nicepagecdn.com/d3/0e/d30ef3549739acd770d4fe2643ec3ded.jpeg","usages":["1695828410"]},{"id":"user-image-stylish-scandinavian-living-room-with-design-mint-sofa-furnitures-mock-up-poster-map-plants-eleg444.jpg","publicUrl":"np://user.desktop.nicepage.com/Site_1873781/images/stylish-scandinavian-living-room-with-design-mint-sofa-furnitures-mock-up-poster-map-plants-eleg444.jpg","size":615900,"hash":"XAJ45dhlKIK8bS6SPuTvS4reqDg=","fileName":"stylish-scandinavian-living-room-with-design-mint-sofa-furnitures-mock-up-poster-map-plants-eleg444.jpg","name":"stylish-scandinavian-living-room-with-design-mint-sofa-furnitures-mock-up-poster-map-plants-eleg444","width":2180,"height":1090,"thumbnail":{"url":"np://user.desktop.nicepage.com/Site_1873781/images/thumbnails/stylish-scandinavian-living-room-with-design-mint-sofa-furnitures-mock-up-poster-map-plants-eleg444.jpg","width":250,"height":125},"folderId":null,"originalUrl":"https://assets.nicepagecdn.com/d2cc3eaa/16689/images/stylish-scandinavian-living-room-with-design-mint-sofa-furnitures-mock-up-poster-map-plants-eleg444.jpg","usages":["1695828410"]},{"id":"user-image-56456.jpg","publicUrl":"np://user.desktop.nicepage.com/Site_1873781/images/56456.jpg","size":174435,"hash":"WDiu96QUBf2IlNewIHpHT2waLoA=","fileName":"56456.jpg","name":"56456","width":800,"height":952,"thumbnail":{"url":"np://user.desktop.nicepage.com/Site_1873781/images/thumbnails/56456.jpg","width":210,"height":250},"folderId":null,"originalUrl":"https://assets.nicepagecdn.com/d2cc3eaa/16689/images/56456.jpg","usages":["1695828410"]},{"id":"user-image-676b13d38454f01eafb6d8d873761e17.jpeg","publicUrl":"np://user.desktop.nicepage.com/Site_1873781/images/676b13d38454f01eafb6d8d873761e17.jpeg","size":68904,"hash":"C1UpH72OqKJqgCyObsSzcXorVwA=","fileName":"676b13d38454f01eafb6d8d873761e17.jpeg","name":"676b13d38454f01eafb6d8d873761e17","width":720,"height":1080,"thumbnail":{"url":"np://user.desktop.nicepage.com/Site_1873781/images/thumbnails/676b13d38454f01eafb6d8d873761e17.jpeg","width":167,"height":250},"folderId":null,"originalUrl":"//images01.nicepagecdn.com/67/6b/676b13d38454f01eafb6d8d873761e17.jpeg","usages":["1695828410"]},{"id":"user-image-5646.jpg","publicUrl":"np://user.desktop.nicepage.com/Site_1873781/images/5646.jpg","size":113425,"hash":"wk3rrT9NWVgDoCk4MT2BLaSWLCI=","fileName":"5646.jpg","name":"5646","width":500,"height":732,"thumbnail":{"url":"np://user.desktop.nicepage.com/Site_1873781/images/thumbnails/5646.jpg","width":171,"height":250},"folderId":null,"originalUrl":"https://assets.nicepagecdn.com/d2cc3eaa/16689/images/5646.jpg","usages":["1695828410"]},{"id":"user-image-pexels-cup-of-couple-6633450.jpg","publicUrl":"np://user.desktop.nicepage.com/Site_1873781/images/pexels-cup-of-couple-6633450.jpg","size":22576,"hash":"/9hNObGM1a/KWyyLfFufDnpngJM=","fileName":"pexels-cup-of-couple-6633450.jpg","name":"pexels-cup-of-couple-6633450","width":720,"height":1080,"thumbnail":{"url":"np://user.desktop.nicepage.com/Site_1873781/images/thumbnails/pexels-cup-of-couple-6633450.jpg","width":167,"height":250},"folderId":null,"originalUrl":"//images01.nicepagecdn.com/a1389d7bc73adea1e1c1fb7e/e704b447627a50a3bf84ee64/pexels-cup-of-couple-6633450.jpg","usages":["1695828410"]},{"id":"user-image-g.jpg","publicUrl":"np://user.desktop.nicepage.com/Site_1873781/images/g.jpg","size":55883,"hash":"L7mySCodcfBjN9y7OWYnb6wXS8g=","fileName":"g.jpg","name":"g","width":1080,"height":1080,"thumbnail":{"url":"np://user.desktop.nicepage.com/Site_1873781/images/thumbnails/g.jpg","width":250,"height":250},"folderId":null,"originalUrl":"//images01.nicepagecdn.com/c461c07a441a5d220e8feb1a/d55ac6f33a275ea2b9ba06e9/g.jpg","usages":["1695828410","229974536"]},{"id":"user-image-texture-min.png","publicUrl":"np://user.desktop.nicepage.com/Site_1873781/images/texture-min.png","size":1003,"hash":"ZkAUCzMRAEUcYlEXK6SZenAIymY=","fileName":"texture-min.png","name":"texture-min","width":100,"height":60,"thumbnail":{"url":"np://user.desktop.nicepage.com/Site_1873781/images/thumbnails/texture-min.png","width":100,"height":60,"length":1003,"type":"png"},"folderId":null,"originalUrl":"//images03.nicepagecdn.com/c461c07a441a5d220e8feb1a/f82f15087c19565f99555fe5/texture-min.png","usages":["1695828410","229974536"]},{"id":"user-image-gggg.jpg","publicUrl":"np://user.desktop.nicepage.com/Site_1873781/images/gggg.jpg","size":161138,"hash":"ppSokckSIyx4PeCsAnNJeCeSeII=","fileName":"gggg.jpg","name":"gggg","width":900,"height":900,"thumbnail":{"url":"np://user.desktop.nicepage.com/Site_1873781/images/thumbnails/gggg.jpg","width":250,"height":250},"folderId":null,"originalUrl":"//images01.nicepagecdn.com/c461c07a441a5d220e8feb1a/73196f530b0d5473be31e0b9/gggg.jpg","usages":["1695828410","229974536"]},{"id":"user-image-Logo.png","publicUrl":"np://user.desktop.nicepage.com/Site_1873781/images/Logo.png","size":22311,"hash":"ozOIysHfiSc9MDLQMAKFKffiHok=","fileName":"Logo.png","name":"Logo","width":893,"height":787,"thumbnail":{"url":"np://user.desktop.nicepage.com/Site_1873781/images/thumbnails/Logo.png","width":250,"height":220},"folderId":null,"usages":[]}]