[{"id":242314958,"title":"Blog Template","order":1,"templateKey":"blog","customTemplate":false,"customTemplateFilename":null,"pageLinks":[],"dateCreated":"2024-04-13T06:47:01.279Z","dateUpdated":"2024-04-13T06:47:02.561Z","folderId":null,"pageName":"Blog Template","serverPageId":null,"sectionCount":1,"status":2,"backwardUrl":null},{"id":749730001,"title":"Post Template","order":2,"templateKey":"post","customTemplate":false,"customTemplateFilename":null,"pageLinks":[],"dateCreated":"2024-04-13T06:47:01.445Z","dateUpdated":"2024-04-13T06:47:02.562Z","folderId":null,"pageName":"Post Template","serverPageId":null,"sectionCount":1,"status":2,"backwardUrl":null},{"id":29403955,"title":"Product List Template","order":3,"templateKey":"products","customTemplate":false,"customTemplateFilename":null,"pageLinks":[],"dateCreated":"2024-04-13T06:47:01.564Z","dateUpdated":"2024-04-13T06:47:02.562Z","folderId":null,"pageName":"Product List Template","serverPageId":null,"sectionCount":1,"status":2,"backwardUrl":null},{"id":1796026287,"title":"Product Details Template","order":4,"templateKey":"product","customTemplate":false,"customTemplateFilename":null,"pageLinks":[],"dateCreated":"2024-04-13T06:47:01.698Z","dateUpdated":"2024-04-13T06:47:02.562Z","folderId":null,"pageName":"Product Details Template","serverPageId":null,"sectionCount":1,"status":2,"backwardUrl":null},{"id":50541208,"title":"Shopping Cart Template","order":5,"templateKey":"cart","customTemplate":false,"customTemplateFilename":null,"pageLinks":[],"dateCreated":"2024-04-13T06:47:01.804Z","dateUpdated":"2024-04-13T06:47:02.562Z","folderId":null,"pageName":"Shopping Cart Template","serverPageId":null,"sectionCount":1,"status":2,"backwardUrl":null},{"id":1164017453,"title":"Checkout Template","order":6,"templateKey":"checkout","customTemplate":false,"customTemplateFilename":null,"pageLinks":[],"dateCreated":"2024-04-13T06:47:01.949Z","dateUpdated":"2024-04-13T06:47:02.562Z","folderId":null,"pageName":"Checkout Template","serverPageId":null,"sectionCount":1,"status":2,"backwardUrl":null},{"id":511321051,"title":"Login Template","order":7,"templateKey":"login","customTemplate":false,"customTemplateFilename":null,"pageLinks":[],"dateCreated":"2024-04-13T06:47:02.028Z","dateUpdated":"2024-04-13T06:47:02.562Z","folderId":null,"pageName":"Login Template","serverPageId":null,"sectionCount":1,"status":2,"backwardUrl":null},{"id":254019240,"title":"Page Password Template","order":8,"templateKey":"password","customTemplate":false,"customTemplateFilename":null,"pageLinks":[],"dateCreated":"2024-04-13T06:47:02.088Z","dateUpdated":"2024-04-13T06:47:02.562Z","folderId":null,"pageName":"Page Password Template","serverPageId":null,"sectionCount":1,"status":2,"backwardUrl":null},{"id":886701720,"title":"404 Not Found Template","order":9,"templateKey":"404","customTemplate":false,"customTemplateFilename":null,"pageLinks":[],"dateCreated":"2024-04-13T06:47:02.138Z","dateUpdated":"2024-04-13T06:47:02.563Z","folderId":null,"pageName":"404 Not Found Template","serverPageId":null,"sectionCount":1,"status":2,"backwardUrl":null},{"id":1144207154,"title":"Thank You Page Template","order":10,"templateKey":"ThankYou","customTemplate":false,"customTemplateFilename":null,"pageLinks":[],"dateCreated":"2024-04-13T06:47:02.179Z","dateUpdated":"2024-04-13T06:47:02.563Z","folderId":null,"pageName":"Thank You Page Template","serverPageId":null,"sectionCount":1,"status":2,"backwardUrl":null},{"id":229974536,"title":"Home","order":50,"templateKey":null,"customTemplate":false,"customTemplateFilename":null,"pageLinks":["229974536"],"dateCreated":"2024-04-13T06:47:02.942Z","dateUpdated":"2024-04-15T07:07:59.462Z","folderId":null,"pageName":"Home_229974536","serverPageId":null,"sectionCount":5,"status":2,"backwardUrl":null},{"id":74616889,"title":"About","order":100,"templateKey":null,"customTemplate":false,"customTemplateFilename":null,"pageLinks":[],"dateCreated":"2024-04-13T06:47:02.210Z","dateUpdated":"2024-04-13T06:47:02.563Z","folderId":null,"pageName":"About_74616889","serverPageId":null,"sectionCount":1,"status":2,"backwardUrl":null},{"id":1695828410,"title":"Page 1","order":102,"templateKey":null,"customTemplate":false,"customTemplateFilename":null,"pageLinks":[],"dateCreated":"2024-04-13T07:01:13.594Z","dateUpdated":"2024-04-13T07:02:25.217Z","folderId":null,"pageName":"Page 1_1695828410","serverPageId":null,"sectionCount":6,"status":2,"backwardUrl":null}]